{"V1":[-20.0,0.2,null,0.0],"V2":[20.0,0.2,0.0,null],"E_Ca":[40.0,0.4,0.0,null],"g_K":[5.0,0.05,0.0,null],"g_TREK":[2.0,0.02,0.0,null],"g_leak":[2.0,0.02,0.0,null],"τc":[2000.0,20.0,0.0,null],"α":[62.5,0.625,0.0,null],"D":[0.01,0.0001,0.0,null],"V4":[7.0,0.07,0.0,null],"τa":[8300.0,83.0,0.0,null],"V0":[-40.0,0.4,null,0.0],"σ":[8.0,0.08,0.0,null],"τACh":[540.0,5.4,0.0,null],"k_d":[0.05,0.0005,0.0,null],"λ":[2.702,0.02702,0.0,null],"C_m":[22.0,0.22,0.0,null],"k":[0.2,0.002,0.0,null],"δ":[0.010503,0.00010503,0.0,null],"β":[4.25,0.0425,0.0,null],"g_Ca":[10.0,0.1,0.0,null],"ρ":[0.04,0.0004,0.0,null],"E_K":[-90.0,0.9,null,0.0],"E_ACh":[0.0,0.0,null,null],"τb":[8300.0,83.0,0.0,null],"τw":[4.0,0.04,0.0,null],"C_0":[0.088,0.0008799999999999999,0.0,null],"V3":[-26.0,0.26,null,0.0],"g_ACh":[1.0,0.01,0.0,null],"I_app":[0.0,0.0,null,null],"τn":[5.0,0.05,0.0,null],"E_leak":[-70.0,0.7000000000000001,null,0.0]}