{"g_leak":2.0725447673840804,"E_leak":-69.17050062960332,"g_Ca":10.309126160504562,"V1":-19.685213283223277,"V2":19.04286830948849,"E_Ca":41.999897587218,"g_K":6.962978906892483,"E_K":-90.5383709644338,"g_TREK":1.9603481647080985,"g_ACh":1.068292887622943,"k_d":0.09787698858966212,"E_ACh":0.0,"I_app":0.0,"C_m":21.801395122615183,"V3":-25.531142274312124,"V4":7.411163539201446,"τn":5.060248770440142,"C_0":0.08721820355392533,"λ":2.6532776858895333,"δ":0.010736142968765749,"τc":1979.0874726554841,"α":61.06267217191226,"τa":8167.224483262014,"β":4.218381046580598,"τb":7676.07512779363,"ρ":0.005130971842568335,"τACh":551.4748024586908,"k":0.2126858190497988,"V0":-40.25544151044576,"σ":7.909098351540374,"D":0.010365409598279017,"τw":8.1616391138173}