{"g_leak":1.991744011373947,"E_leak":-69.33132432191579,"g_Ca":9.79036476944996,"V1":-19.673305130531766,"V2":19.86354086340105,"E_Ca":39.50897694430675,"g_K":4.914869876039389,"E_K":-88.32106307827722,"g_TREK":2.0029080297009614,"g_ACh":0.9787197135942639,"k_d":0.050047056187161536,"E_ACh":0.0,"I_app":0.0,"C_m":22.189837896384653,"V3":-24.711225598212394,"V4":7.021296862423187,"τn":5.069907006482248,"C_0":0.08635341731273151,"λ":2.7601807607583613,"δ":0.010324092871516042,"τc":1920.6299648327908,"α":62.172582612005684,"τa":8531.392502553092,"β":4.130018127497865,"τb":8412.10629801257,"ρ":0.03962382430690111,"τACh":541.819817002758,"k":0.2008130449934536,"V0":-39.12487885218746,"σ":8.024588124816523,"D":0.0099344718842427,"τw":4.0821964135292435}